[{"date":"11/17/2024","cart":[{"id":659844980,"name":"Rice Cooker","price":36,"description":"This is a rarely used cooker","img":"localhost:4000/images/d6b54308db278bc5b55160a00.jpeg","admin":"muscoff@gmail.com","processed":true}],"details":{"fullname":"Mustapha","phone":"61","email":"muscoff2008@gmail.com"},"admins":["muscoff@gmail.com"],"user":"muscoff2008@gmail.com"},{"date":"11/29/2024","cart":[{"id":155226055,"name":"microwave","price":50,"description":"It is in a good condition","img":"localhost:4000/images/6e9444a4521f665098f672700.jpeg","admin":"muscoff@gmail.com","processed":false},{"id":659844980,"name":"Rice Cooker","price":36,"description":"This is a rarely used cooker","img":"localhost:4000/images/d6b54308db278bc5b55160a00.jpeg","admin":"muscoff@gmail.com","processed":false}],"details":{"fullname":"Mustapha","phone":"61","email":"muscoff2008@gmail.com"},"admins":["muscoff@gmail.com"],"user":"muscoff2008@gmail.com"},{"date":"12/7/2024","cart":[{"id":659844980,"name":"Rice Cooker","price":36,"description":"This is a rarely used cooker","img":"localhost:4000/images/d6b54308db278bc5b55160a00.jpeg","admin":"muscoff@gmail.com","processed":true}],"details":{"fullname":"Mustapha","phone":"61","email":"muscoff2008@gmail.com"},"admins":["muscoff@gmail.com"],"user":"muscoff2008@gmail.com"}]